Name,Code,Barcode Symbology,Brand,Category Code,Unit Code,Sale Unit Code, Purchase Unit Code,Cost,Price,Alert Quantity, Tax Rate Name,Tax Method,Image,Subcategory Code,Product Variants Separated by |,Custom Field 1,Custom Field 2,Custom Field 3,Custom Field 4,Custom Field 5,Custom Field 6,
NDOVU NGANO 1KG,1004,code128,,102,kg,kg,kg,62,66,10,VAT @16%,Inclusive,no_image.png,,,,,,,,,
NDOVU NGANO  2KG,1005,code128,,102,kg,kg,kg,125,132,10,VAT @16%,Inclusive,no_image.png,,,,,,,,,
NDOVU UGALI  1KG,1011,code128,,102,kg,kg,kg,44,60,10,VAT @16%,Inclusive,no_image.png,,,,,,,,,
NDOVU UGALI  2KG,1012,code128,,102,kg,kg,kg,86,100,10,VAT @16%,Inclusive,no_image.png,,,,,,,,,
PEMBE NGANO 1KG,1017,code128,,102,kg,kg,kg,63,70,10,VAT @16%,Inclusive,no_image.png,,,,,,,,,
PEMBE NGANO 2KG,1018,code128,,102,kg,kg,kg,118,132,10,VAT @16%,Inclusive,no_image.png,,,,,,,,,
PEMBE UGALI  1KG,1023,code128,,102,kg,kg,kg,50,60,10,VAT @16%,Inclusive,no_image.png,,,,,,,,,
PEMBE UGALI  2KG,1024,code128,,102,kg,kg,kg,50,60,10,VAT @16%,Inclusive,no_image.png,,,,,,,,,
EXE ALL PURPOSE  2KG,1025,code128,,102,kg,kg,kg,130,156,10,VAT @16%,Inclusive,no_image.png,,,,,,,,,
EXE ALL PURPOSE  1KG,1026,code128,,102,kg,kg,kg,130,133,10,VAT @16%,Inclusive,no_image.png,,,,,,,,,
EXE H/B   2KG,1028,code128,,102,kg,kg,kg,125,150,10,VAT @16%,Inclusive,no_image.png,,,,,,,,,
EXE MANDAZI  2KG,1031,code128,,102,kg,kg,kg,133,160,10,VAT @16%,Inclusive,no_image.png,,,,,,,,,
EXE MANDAZI  1KG,1032,code128,,102,kg,kg,kg,133,137,10,VAT @16%,Inclusive,no_image.png,,,,,,,,,
EXE SELF-RAISING  2KG,1034,code128,,102,kg,kg,kg,142,170,10,VAT @16%,Inclusive,no_image.png,,,,,,,,,
EXE SELF-RAISING  1KG,1035,code128,,102,kg,kg,kg,142,144,10,VAT @16%,Inclusive,no_image.png,,,,,,,,,
SOKO UGALI  1KG,1041,code128,,102,kg,kg,kg,44,52,10,VAT @16%,Inclusive,no_image.png,,,,,,,,,
SOKO UGALI  2KG,1042,code128,,102,kg,kg,kg,85,103,10,VAT @16%,Inclusive,no_image.png,,,,,,,,,
SOKO UGALI   BAG,1043,code128,,102,kg,kg,kg,220,230,10,VAT @16%,Inclusive,no_image.png,,,,,,,,,
SOKO UGALI  10KG BAG,1044,code128,,102,kg,kg,kg,220,264,10,VAT @16%,Inclusive,no_image.png,,,,,,,,,
MAMA MAIZE MEAL 2KG,1049,code128,,102,kg,kg,kg,92,110,10,VAT @16%,Inclusive,no_image.png,,,,,,,,,
MAMA MAIZE MEAL 1KG,1050,code128,,102,kg,kg,kg,46,55,10,VAT @16%,Inclusive,no_image.png,,,,,,,,,
NYUMBANI UNGA  2KG,1058,code128,,102,kg,kg,kg,92,110,10,VAT @16%,Inclusive,no_image.png,,,,,,,,,
NYUMBANI UNGA  2KG,1059,code128,,102,kg,kg,kg,46,55,10,VAT @16%,Inclusive,no_image.png,,,,,,,,,
NYUMBANI UNGA  90KG BAG,1060,code128,,102,kg,kg,kg,41,44,10,VAT @16%,Inclusive,no_image.png,,,,,,,,,
JOGOO  2KG,1064,code128,,102,kg,kg,kg,85,88,10,VAT @16%,Inclusive,no_image.png,,,,,,,,,
JOGOO  2KG,1065,code128,,102,kg,kg,kg,0,0,10,VAT @16%,Inclusive,no_image.png,,,,,,,,,
MAYCORN  2KG,1070,code128,,102,kg,kg,kg,117,140,10,VAT @16%,Inclusive,no_image.png,,,,,,,,,
MAYCORN  1KG,1071,code128,,102,kg,kg,kg,58,70,10,VAT @16%,Inclusive,no_image.png,,,,,,,,,
SNOWLINE INFANT 400G,1072,code128,,102,kg,kg,kg,42,59,10,VAT @16%,Inclusive,no_image.png,,,,,,,,,
SNOWLINE WIMBI MIX  400G,1075,code128,,102,kg,kg,kg,42,59,10,VAT @16%,Inclusive,no_image.png,,,,,,,,,
FAMILA  1KG,1081,code128,,102,kg,kg,kg,108,129,10,VAT @16%,Inclusive,no_image.png,,,,,,,,,
ATTA MARK 1KG,1086,code128,,102,kg,kg,kg,60,72,10,VAT @16%,Inclusive,no_image.png,,,,,,,,,
ATTA MARK 2KG,1087,code128,,102,kg,kg,kg,120,144,10,VAT @16%,Inclusive,no_image.png,,,,,,,,,
DOLA NGANO  2KG,1090,code128,,102,kg,kg,kg,115,138,10,VAT @16%,Inclusive,no_image.png,,,,,,,,,
DOLA NGANO  1kg,1091,code128,,102,kg,kg,kg,115,118,10,VAT @16%,Inclusive,no_image.png,,,,,,,,,
UNGA MAMA BAG,1096,code128,,102,kg,kg,kg,34,44,10,VAT @16%,Inclusive,no_image.png,,,,,,,,,
BASMATI  BAG,1101,code128,,103,kg,kg,kg,67,87,10,VAT @16%,Inclusive,no_image.png,,,,,,,,,
SINDANO,1106,code128,,103,kg,kg,kg,71,93,10,VAT @16%,Inclusive,no_image.png,,,,,,,,,
MWEA PISHORI 25KG BAG,1107,code128,,103,kg,kg,kg,110,143,10,VAT @16%,Inclusive,no_image.png,,,,,,,,,
SUGAR  BAG,1201,code128,,101,kg,kg,kg,99,129,10,VAT @16%,Inclusive,no_image.png,,,,,,,,,
KABRAS SUGAR 1KG,1204,code128,,101,kg,kg,kg,100,130,10,VAT @16%,Inclusive,no_image.png,,,,,,,,,
DAWATI SPAGETI 400G,1303,code128,,104,g,g,g,37,47,10,VAT @16%,Inclusive,no_image.png,,,,,,,,,
ELVIA SPAGHETTI 400G,1306,code128,,104,g,g,g,39,50,10,VAT @16%,Inclusive,no_image.png,,,,,,,,,
NOODLES  120G,1309,code128,,104,g,g,g,28,36,10,VAT @16%,Inclusive,no_image.png,,,,,,,,,
SANTA LUCIA 500G,1315,code128,,104,g,g,g,107,139,10,VAT @16%,Inclusive,no_image.png,,,,,,,,,
SANTA LUCIA 400G,1316,code128,,104,g,g,g,85,111,10,VAT @16%,Inclusive,no_image.png,,,,,,,,,
BITES,1403,code128,,114,g,g,g,8,10,10,VAT @16%,Inclusive,no_image.png,,,,,,,,,
BRITANIA,1404,code128,,114,g,g,g,3,5,10,VAT @16%,Inclusive,no_image.png,,,,,,,,,
CAD CHOCOLATE 37G,1406,code128,,114,g,g,g,51,83,10,VAT @16%,Inclusive,no_image.png,,,,,,,,,
CAD CHOCOLATE 80G,1410,code128,,114,g,g,g,148,243,10,VAT @16%,Inclusive,no_image.png,,,,,,,,,
CAD CHOCOLATE 11G,1413,code128,,114,g,g,g,15,25,10,VAT @16%,Inclusive,no_image.png,,,,,,,,,
EGGS,1414,code128,,,,,,9,15,10,VAT @16%,Inclusive,no_image.png,,,,,,,,,
GINGER NUT BISCUIT,1417,code128,,,,,,230,250,10,VAT @16%,Inclusive,no_image.png,,,,,,,,,
GLUCOSE BISCUITS,1418,code128,,,,,,235,250,10,VAT @16%,Inclusive,no_image.png,,,,,,,,,
JAMBO BISCUITS,1421,code128,,,,,,3,5,10,VAT @16%,Inclusive,no_image.png,,,,,,,,,
KINGSMIL BREAD 400G,1422,code128,,,,,,46,50,10,VAT @16%,Inclusive,no_image.png,,,,,,,,,
MILKY BISCUITS,1423,code128,,,,,,3,5,10,VAT @16%,Inclusive,no_image.png,,,,,,,,,
NUVITA 75G,1425,code128,,,,,,567,600,10,VAT @16%,Inclusive,no_image.png,,,,,,,,,
POTATO CRISPS,1429,code128,,,,,,8,10,10,VAT @16%,Inclusive,no_image.png,,,,,,,,,
SOSSI  45G,1432,code128,,,,,,15,19,10,VAT @16%,Inclusive,no_image.png,,,,,,,,,
SOSSI 90G,1433,code128,,,,,,171,200,10,VAT @16%,Inclusive,no_image.png,,,,,,,,,
SOSSI MINCE  90G,1438,code128,,,,,,24,31,10,VAT @16%,Inclusive,no_image.png,,,,,,,,,
SOSSI MINCE  45G,1439,code128,,,,,,25,40,10,VAT @16%,Inclusive,no_image.png,,,,,,,,,
TAMU TAMU,1442,code128,,,,,,3,5,10,VAT @16%,Inclusive,no_image.png,,,,,,,,,
WAFER,1445,code128,,,,,,35,42,10,VAT @16%,Inclusive,no_image.png,,,,,,,,,
WEETABIX  225G,1448,code128,,111,g,g,g,138,145,10,VAT @16%,Inclusive,no_image.png,,,,,,,,,
WEETABIX  112G,1449,code128,,111,g,g,g,1530,1800,10,VAT @16%,Inclusive,no_image.png,,,,,,,,,
WEETABIX 37G,1451,code128,,111,g,g,g,19,20,10,VAT @16%,Inclusive,no_image.png,,,,,,,,,
NYOTA,1501,code128,,,,,,40,43,10,VAT @16%,Inclusive,no_image.png,,,,,,,,,
PACKING PAPERS,1502,code128,,,,,,26,30,10,VAT @16%,Inclusive,no_image.png,,,,,,,,,
CROWN,1504,code128,,,,,,68,72,10,VAT @16%,Inclusive,no_image.png,,,,,,,,,
DOLPHIN,1505,code128,,,,,,75,90,10,VAT @16%,Inclusive,no_image.png,,,,,,,,,
KWIK BRITE,1601,code128,,,,,,5,9,10,VAT @16%,Inclusive,no_image.png,,,,,,,,,
NGARISHA  15G,1603,code128,,,,,,3,6,10,VAT @16%,Inclusive,no_image.png,,,,,,,,,
NGARISHA  75G,1605,code128,,,,,,16,26,10,VAT @16%,Inclusive,no_image.png,,,,,,,,,
A.P.C,1701,code128,,,,,,1,2,10,VAT @16%,Inclusive,no_image.png,,,,,,,,,
ACTAL TUMS,1703,code128,,,,,,4,7,10,VAT @16%,Inclusive,no_image.png,,,,,,,,,
ACTION,1705,code128,,,,,,3,5,10,VAT @16%,Inclusive,no_image.png,,,,,,,,,
ENO,1707,code128,,,,,,11,17,10,VAT @16%,Inclusive,no_image.png,,,,,,,,,
HEDEX,1709,code128,,,,,,7,12,10,VAT @16%,Inclusive,no_image.png,,,,,,,,,
KALUMA,1711,code128,,,,,,25,41,10,VAT @16%,Inclusive,no_image.png,,,,,,,,,
MARA MOJA,1714,code128,,,,,,3,5,10,VAT @16%,Inclusive,no_image.png,,,,,,,,,
PANADOL ADVANCE,1715,code128,,,,,,3,5,10,VAT @16%,Inclusive,no_image.png,,,,,,,,,
PANADOL EXTRA,1717,code128,,,,,,4,6,10,VAT @16%,Inclusive,no_image.png,,,,,,,,,
ROBB 4ML,1719,code128,,,,,,10,17,10,VAT @16%,Inclusive,no_image.png,,,,,,,,,
STREPSILS,1721,code128,,,,,,8,13,10,VAT @16%,Inclusive,no_image.png,,,,,,,,,
AQUACHIL WATER,1801,code128,,,,,,280,400,10,VAT @16%,Inclusive,no_image.png,,,,,,,,,
MAISHA WATER 1 LTR,1812,code128,,,,,,492,660,10,VAT @16%,Inclusive,no_image.png,,,,,,,,,
AFIA  300ML,1901,code128,,,,,,33,43,10,VAT @16%,Inclusive,no_image.png,,,,,,,,,
AFIA 500ML,1903,code128,,,,,,50,64,10,VAT @16%,Inclusive,no_image.png,,,,,,,,,
FRUITSANA JUICE 300ML,1908,code128,,,,,,48,62,10,VAT @16%,Inclusive,no_image.png,,,,,,,,,
HIGHLAND PINEAPPLE 1 LTR*,1912,code128,,,,,,114,148,10,VAT @16%,Inclusive,no_image.png,,,,,,,,,
MINUTE MAID JUICE  500ML,1914,code128,,,,,,48,62,10,VAT @16%,Inclusive,no_image.png,,,,,,,,,
QUENCHER RTD  200ML,1916,code128,,,,,,193,360,10,VAT @16%,Inclusive,no_image.png,,,,,,,,,
RIBENA BOTTLED 300ML,1919,code128,,,,,,44,58,10,VAT @16%,Inclusive,no_image.png,,,,,,,,,
RIBENA BOTTLED  600ML,1922,code128,,,,,,288,374,10,VAT @16%,Inclusive,no_image.png,,,,,,,,,
TREE TOP DTT 2 LTR,1925,code128,,,,,,200,260,10,VAT @16%,Inclusive,no_image.png,,,,,,,,,
TREE TOP DTT 1 LTR,1926,code128,,,,,,105,137,10,VAT @16%,Inclusive,no_image.png,,,,,,,,,
TREE TOP RTD  330ML,1927,code128,,,,,,44,57,10,VAT @16%,Inclusive,no_image.png,,,,,,,,,
TREE TOP RTD  330ML,1928,code128,,,,,,44,57,10,VAT @16%,Inclusive,no_image.png,,,,,,,,,
TUNDA JUCE  300ML,1929,code128,,,,,,360,420,10,VAT @16%,Inclusive,no_image.png,,,,,,,,,
U FRESH BIG  80G,1931,code128,,,,,,220,240,10,VAT @16%,Inclusive,no_image.png,,,,,,,,,
U FRESH SMALL  80G,1934,code128,,,,,,37,48,10,VAT @16%,Inclusive,no_image.png,,,,,,,,,
BAAZI BAG,2001,code128,,,,,,9900,13500,10,VAT @16%,Inclusive,no_image.png,,,,,,,,,
KAMANDE BAG,2004,code128,,,,,,16650,18450,10,VAT @16%,Inclusive,no_image.png,,,,,,,,,
KUNDE,2009,code128,,,,,,55,66,10,VAT @16%,Inclusive,no_image.png,,,,,,,,,
MWITEMANIA,2012,code128,,,,,,65,78,10,VAT @16%,Inclusive,no_image.png,,,,,,,,,
NDENGU MAKUENI,2015,code128,,,,,,111,133,10,VAT @16%,Inclusive,no_image.png,,,,,,,,,
NDENGU NYLON,2018,code128,,,,,,120,144,10,VAT @16%,Inclusive,no_image.png,,,,,,,,,
NJAHI,2021,code128,,,,,,175,210,10,VAT @16%,Inclusive,no_image.png,,,,,,,,,
NYAYO BEANS,2024,code128,,,,,,67,80,10,VAT @16%,Inclusive,no_image.png,,,,,,,,,
ROSE COCO BEANS,2027,code128,,,,,,70,84,10,VAT @16%,Inclusive,no_image.png,,,,,,,,,
WAIRIMU BEANS,2030,code128,,,,,,49,59,10,VAT @16%,Inclusive,no_image.png,,,,,,,,,
WESTERN NDENGU,2033,code128,,,,,,90,108,10,VAT @16%,Inclusive,no_image.png,,,,,,,,,
YELLOW BEANS,2036,code128,,,,,,78,93,10,VAT @16%,Inclusive,no_image.png,,,,,,,,,
DAIMA MILK 500ML,2101,code128,,112,ml,ml,ml,46,50,10,VAT @16%,Inclusive,no_image.png,,,,,,,,,
DAIMA YOGHURT 150G,2102,code128,,112,ml,ml,ml,312,348,10,VAT @16%,Inclusive,no_image.png,,,,,,,,,
DAIMA YOGHURT 200G,2103,code128,,112,ml,ml,ml,396,420,10,VAT @16%,Inclusive,no_image.png,,,,,,,,,
DAIMA YOGHURT 12*250G,2104,code128,,112,ml,ml,ml,492,528,10,VAT @16%,Inclusive,no_image.png,,,,,,,,,
DAIMA YOGHURT 500G,2105,code128,,112,ml,ml,ml,480,510,10,VAT @16%,Inclusive,no_image.png,,,,,,,,,
FRESHA MILK 500ML,2106,code128,,112,ml,ml,ml,46,50,10,VAT @16%,Inclusive,no_image.png,,,,,,,,,
FRESHMARK YOGHURT  100ML,2107,code128,,112,ml,ml,ml,192,240,10,VAT @16%,Inclusive,no_image.png,,,,,,,,,
FRESHMARK YOGHURT 150ML,2108,code128,,112,ml,ml,ml,312,360,10,VAT @16%,Inclusive,no_image.png,,,,,,,,,
FRESHMARK YOGHURT 250ML,2109,code128,,112,ml,ml,ml,456,540,10,VAT @16%,Inclusive,no_image.png,,,,,,,,,
FRESHMARK YOGHURT  500ML,2110,code128,,112,ml,ml,ml,816,900,10,VAT @16%,Inclusive,no_image.png,,,,,,,,,
MT FRESH YOGHURT  150ML,2111,code128,,112,ml,ml,ml,360,420,10,VAT @16%,Inclusive,no_image.png,,,,,,,,,
MT FRESH YOGHURT  500ML,2112,code128,,112,ml,ml,ml,840,1020,10,VAT @16%,Inclusive,no_image.png,,,,,,,,,
MT FRESH YOGHURT 250ML,2113,code128,,112,ml,ml,ml,504,600,10,VAT @16%,Inclusive,no_image.png,,,,,,,,,
MT KENYA MILK 300ML,2114,code128,,112,ml,ml,ml,20,25,10,VAT @16%,Inclusive,no_image.png,,,,,,,,,
MT KENYA MILK 500ML,2115,code128,,112,ml,ml,ml,46,50,10,VAT @16%,Inclusive,no_image.png,,,,,,,,,
PLASTIC SODA  2LTRS*,2201,code128,,,,,,800,900,10,VAT @16%,Inclusive,no_image.png,,,,,,,,,
PLASTIC SODA 1.25LTRs,2203,code128,,,,,,980,1200,10,VAT @16%,Inclusive,no_image.png,,,,,,,,,
PLASTIC SODA  500ML,2205,code128,,,,,,1280,1440,10,VAT @16%,Inclusive,no_image.png,,,,,,,,,
PLASTIC SODA  350ML,2207,code128,,,,,,700,840,10,VAT @16%,Inclusive,no_image.png,,,,,,,,,
NOVIDA  SODA  1 LTR,2241,code128,,,,,,980,1200,10,VAT @16%,Inclusive,no_image.png,,,,,,,,,
NOVIDA  SODA 500ML,2243,code128,,,,,,1280,1440,10,VAT @16%,Inclusive,no_image.png,,,,,,,,,
NOVIDA  SODA 300ML,2245,code128,,,,,,470,720,10,VAT @16%,Inclusive,no_image.png,,,,,,,,,
OLIVE  SODA  1 LTR,2248,code128,,,,,,82,106,10,VAT @16%,Inclusive,no_image.png,,,,,,,,,
OLIVE  SODA 500ML,2250,code128,,,,,,53,69,10,VAT @16%,Inclusive,no_image.png,,,,,,,,,
OLIVE  SODA 300ML,2252,code128,,,,,,20,25,10,VAT @16%,Inclusive,no_image.png,,,,,,,,,
FRESH YELLOW,2301,code128,,,,,,165,170,10,VAT @16%,Inclusive,no_image.png,,,,,,,,,
CREAMY YOGHURT SMALL,2310,code128,,112,ml,ml,ml,0,0,10,VAT @16%,Inclusive,no_image.png,,,,,,,,,
CREAMY YOGHURT BIG,2311,code128,,112,ml,ml,ml,188,280,10,VAT @16%,Inclusive,no_image.png,,,,,,,,,
MR BERRY,2313,code128,,114,g,g,g,60,70,10,VAT @16%,Inclusive,no_image.png,,,,,,,,,
FRESH,2315,code128,,114,g,g,g,165,170,10,VAT @16%,Inclusive,no_image.png,,,,,,,,,
FAN ORANGE,2317,code128,,114,g,g,g,1400,1440,10,VAT @16%,Inclusive,no_image.png,,,,,,,,,
MR BOOM,2319,code128,,114,g,g,g,1380,1420,10,VAT @16%,Inclusive,no_image.png,,,,,,,,,
KENAFRIC,2321,code128,,114,g,g,g,1229,1350,10,VAT @16%,Inclusive,no_image.png,,,,,,,,,
TROPICAL 1KG,2326,code128,,114,g,g,g,0,0,10,VAT @16%,Inclusive,no_image.png,,,,,,,,,
TROPICAL 500G,2327,code128,,114,g,g,g,1391,1500,10,VAT @16%,Inclusive,no_image.png,,,,,,,,,
KOO,2331,code128,,114,g,g,g,0,0,10,VAT @16%,Inclusive,no_image.png,,,,,,,,,
PATCO 1KG,2332,code128,,114,g,g,g,170,185,10,VAT @16%,Inclusive,no_image.png,,,,,,,,,
PATCO 500G,2334,code128,,114,g,g,g,52,80,10,VAT @16%,Inclusive,no_image.png,,,,,,,,,
TOFFEES,2337,code128,,114,g,g,g,0,0,10,VAT @16%,Inclusive,no_image.png,,,,,,,,,
PK BLUE,2338,code128,,114,g,g,g,165,200,10,VAT @16%,Inclusive,no_image.png,,,,,,,,,
BIG DADDY,2344,code128,,114,g,g,g,250,300,10,VAT @16%,Inclusive,no_image.png,,,,,,,,,
TICTAC 170G,2346,code128,,114,g,g,g,400,480,10,VAT @16%,Inclusive,no_image.png,,,,,,,,,
DOUBLE MINT,2348,code128,,114,g,g,g,0,0,10,VAT @16%,Inclusive,no_image.png,,,,,,,,,
BIG G,2350,code128,,114,g,g,g,0,0,10,VAT @16%,Inclusive,no_image.png,,,,,,,,,
CEST BON,2355,code128,,114,g,g,g,0,0,10,VAT @16%,Inclusive,no_image.png,,,,,,,,,
WORLDCUP SWEETS,2357,code128,,114,g,g,g,0,0,10,VAT @16%,Inclusive,no_image.png,,,,,,,,,
MINT CHEWING GUM,2359,code128,,114,g,g,g,0,0,10,VAT @16%,Inclusive,no_image.png,,,,,,,,,
ECLAIRS,2361,code128,,114,g,g,g,0,0,10,VAT @16%,Inclusive,no_image.png,,,,,,,,,
SELFIE,2363,code128,,114,g,g,g,0,0,10,VAT @16%,Inclusive,no_image.png,,,,,,,,,
TED/JERRY L/C,2365,code128,,114,g,g,g,0,0,10,VAT @16%,Inclusive,no_image.png,,,,,,,,,
JUICE DROPS,2367,code128,,114,g,g,g,0,0,10,VAT @16%,Inclusive,no_image.png,,,,,,,,,
TWIST MINT,2369,code128,,114,g,g,g,0,0,10,VAT @16%,Inclusive,no_image.png,,,,,,,,,
DR CHOCOLATE 20G,2402,code128,,115,g,g,g,0,0,10,VAT @16%,Inclusive,no_image.png,,,,,,,,,
DR CHOCOLATE 90G,2403,code128,,115,g,g,g,2387,2730,10,VAT @16%,Inclusive,no_image.png,,,,,,,,,
DR CHOCOLATE 125G,2408,code128,,115,g,g,g,101,115,10,VAT @16%,Inclusive,no_image.png,,,,,,,,,
COCO 20G,2411,code128,,115,g,g,g,18,25,10,VAT @16%,Inclusive,no_image.png,,,,,,,,,
COCOA 90G Jar,2412,code128,,115,g,g,g,138,160,10,VAT @16%,Inclusive,no_image.png,,,,,,,,,
RAHA 10G,2416,code128,,115,g,g,g,0,0,10,VAT @16%,Inclusive,no_image.png,,,,,,,,,
RAHA 20G,2419,code128,,115,g,g,g,0,0,10,VAT @16%,Inclusive,no_image.png,,,,,,,,,
RAHA 100G,2422,code128,,115,g,g,g,0,0,10,VAT @16%,Inclusive,no_image.png,,,,,,,,,
RAHA 100G,2423,code128,,115,g,g,g,1934,2520,10,VAT @16%,Inclusive,no_image.png,,,,,,,,,
KETEPA  5G,2429,code128,,115,g,g,g,0,0,10,VAT @16%,Inclusive,no_image.png,,,,,,,,,
KETEPA  15G,2432,code128,,115,g,g,g,0,0,10,VAT @16%,Inclusive,no_image.png,,,,,,,,,
KETEPA  50G,2433,code128,,115,g,g,g,0,0,10,VAT @16%,Inclusive,no_image.png,,,,,,,,,
KETEPA  100G,2438,code128,,115,g,g,g,0,0,10,VAT @16%,Inclusive,no_image.png,,,,,,,,,
HOME COMFORTS TEA 500G,2439,code128,,115,g,g,g,0,0,10,VAT @16%,Inclusive,no_image.png,,,,,,,,,
HOME COMFORTS TEA 250G,2442,code128,,115,g,g,g,0,0,10,VAT @16%,Inclusive,no_image.png,,,,,,,,,
HOME COMFORTS TEA 100G,2444,code128,,115,g,g,g,0,0,10,VAT @16%,Inclusive,no_image.png,,,,,,,,,
HOME COMFORT TEA 50G,2446,code128,,115,g,g,g,0,0,10,VAT @16%,Inclusive,no_image.png,,,,,,,,,
HOME COMFORT TEA 15G,2448,code128,,115,g,g,g,0,0,10,VAT @16%,Inclusive,no_image.png,,,,,,,,,
MARAMBA TEA 15G,2450,code128,,115,g,g,g,0,0,10,VAT @16%,Inclusive,no_image.png,,,,,,,,,
MARAMBA TEA 25G,2452,code128,,115,g,g,g,0,0,10,VAT @16%,Inclusive,no_image.png,,,,,,,,,
MARAMBA TEA 50G,2454,code128,,115,g,g,g,0,0,10,VAT @16%,Inclusive,no_image.png,,,,,,,,,
TANGAWIZI CHAI 25,2456,code128,,115,g,g,g,0,0,10,VAT @16%,Inclusive,no_image.png,,,,,,,,,
BARAKA CHAI 15G,2458,code128,,115,g,g,g,0,0,10,VAT @16%,Inclusive,no_image.png,,,,,,,,,
BARAKA CHAI 50G,2460,code128,,115,g,g,g,0,0,10,VAT @16%,Inclusive,no_image.png,,,,,,,,,
BARAKA CHAI 100G,2462,code128,,115,g,g,g,0,0,10,VAT @16%,Inclusive,no_image.png,,,,,,,,,
NESCAFE  1.6G,2464,code128,,115,g,g,g,0,0,10,VAT @16%,Inclusive,no_image.png,,,,,,,,,
NESCAFE 50G,2466,code128,,115,g,g,g,0,0,10,VAT @16%,Inclusive,no_image.png,,,,,,,,,
KAHAWA NO.1  34G,2467,code128,,115,g,g,g,180,200,10,VAT @16%,Inclusive,no_image.png,,,,,,,,,
COLGATE 10ML,2502,code128,,,,,,0,0,10,VAT @16%,Inclusive,no_image.png,,,,,,,,,
COLGATE  25ML,2504,code128,,,,,,0,0,10,VAT @16%,Inclusive,no_image.png,,,,,,,,,
COLGATE  50ML,2505,code128,,,,,,0,0,10,VAT @16%,Inclusive,no_image.png,,,,,,,,,
COLGATE  100ML,2507,code128,,,,,,0,0,10,VAT @16%,Inclusive,no_image.png,,,,,,,,,
COLGATE HERBAL 50ML,2509,code128,,,,,,0,0,10,VAT @16%,Inclusive,no_image.png,,,,,,,,,
COLGATE HERBAL  25ML,2511,code128,,,,,,0,0,10,VAT @16%,Inclusive,no_image.png,,,,,,,,,
CLOSE UP  60ML,2514,code128,,,,,,0,0,10,VAT @16%,Inclusive,no_image.png,,,,,,,,,
COLGATE TOOTHBRUSH,2516,code128,,,,,,0,0,10,VAT @16%,Inclusive,no_image.png,,,,,,,,,
ORAL MAX TOOTHBRUSH,2518,code128,,,,,,0,0,10,VAT @16%,Inclusive,no_image.png,,,,,,,,,
TOOTHPICK,2519,code128,,,,,,130,140,10,VAT @16%,Inclusive,no_image.png,,,,,,,,,
KNORR CUBE,2602,code128,,,,,,0,0,10,VAT @16%,Inclusive,no_image.png,,,,,,,,,
ROYCO CUBE,2604,code128,,,,,,0,0,10,VAT @16%,Inclusive,no_image.png,,,,,,,,,
ROYCO CHICKEN  12G,2606,code128,,,,,,0,0,10,VAT @16%,Inclusive,no_image.png,,,,,,,,,
ROYCO BEEF  12G,2608,code128,,,,,,0,0,10,VAT @16%,Inclusive,no_image.png,,,,,,,,,
KEN TOMATO SAUCE  400G,2610,code128,,,,,,0,0,10,VAT @16%,Inclusive,no_image.png,,,,,,,,,
OYO MCHUZI MIX 12G,2612,code128,,,,,,0,0,10,VAT @16%,Inclusive,no_image.png,,,,,,,,,
TOMATO PASTE 400G,2614,code128,,,,,,0,0,10,VAT @16%,Inclusive,no_image.png,,,,,,,,,
ROYCO BEEF  200G JARS,2617,code128,,,,,,0,0,10,VAT @16%,Inclusive,no_image.png,,,,,,,,,
ROYCO BEEF  70G  SACHETS,2619,code128,,,,,,0,0,10,VAT @16%,Inclusive,no_image.png,,,,,,,,,
TOMATO PASTE  50G SACHETS,2621,code128,,,,,,0,0,10,VAT @16%,Inclusive,no_image.png,,,,,,,,,
TOMATO PASTE  70G  SACHET,2623,code128,,,,,,0,0,10,VAT @16%,Inclusive,no_image.png,,,,,,,,,
KEVIAN TOMATO SAUCE 400G,2625,code128,,,,,,0,0,10,VAT @16%,Inclusive,no_image.png,,,,,,,,,
KENYLON T. PASTE  450G,2627,code128,,,,,,0,0,10,VAT @16%,Inclusive,no_image.png,,,,,,,,,
KENYLON T. PASTE  100G  SACHETS,2629,code128,,,,,,0,0,10,VAT @16%,Inclusive,no_image.png,,,,,,,,,
JAMAA BIG  800G,2701,code128,,,,,,0,0,10,VAT @16%,Inclusive,no_image.png,,,,,,,,,
JAMAA SMALL   800G,2704,code128,,,,,,0,0,10,VAT @16%,Inclusive,no_image.png,,,,,,,,,
MENENGAI 800G BAR,2706,code128,,,,,,0,0,10,VAT @16%,Inclusive,no_image.png,,,,,,,,,
MENENGAI 1KG BAR,2708,code128,,,,,,0,0,10,VAT @16%,Inclusive,no_image.png,,,,,,,,,
WHITE WASH BAR SMALL  800G BAR,2710,code128,,,,,,0,0,10,VAT @16%,Inclusive,no_image.png,,,,,,,,,
WHITE WASH  200G TAB,2712,code128,,,,,,0,0,10,VAT @16%,Inclusive,no_image.png,,,,,,,,,
WHITE WASH BAR BIG 800G BAR,2714,code128,,,,,,0,0,10,VAT @16%,Inclusive,no_image.png,,,,,,,,,
WHITE STAR 800G,2716,code128,,,,,,0,0,10,VAT @16%,Inclusive,no_image.png,,,,,,,,,
SUNLIGHT BAR  700G BAR,2717,code128,,,,,,107,120,10,VAT @16%,Inclusive,no_image.png,,,,,,,,,
GEISHA   225G,2719,code128,,,,,,0,0,10,VAT @16%,Inclusive,no_image.png,,,,,,,,,
GEISHA  100G,2721,code128,,,,,,1274,1440,10,VAT @16%,Inclusive,no_image.png,,,,,,,,,
SUNLIGHT  20G,2725,code128,,,,,,0,0,10,VAT @16%,Inclusive,no_image.png,,,,,,,,,
SUNLIGHT 40G,2727,code128,,,,,,0,0,10,VAT @16%,Inclusive,no_image.png,,,,,,,,,
SUNLIGHT  100G,2730,code128,,,,,,0,0,10,VAT @16%,Inclusive,no_image.png,,,,,,,,,
SUNLIGHT  200G,2733,code128,,,,,,0,0,10,VAT @16%,Inclusive,no_image.png,,,,,,,,,
SUNLIGHT  500G,2736,code128,,,,,,0,0,10,VAT @16%,Inclusive,no_image.png,,,,,,,,,
SUNLIGHT  1KG,2739,code128,,,,,,0,0,10,VAT @16%,Inclusive,no_image.png,,,,,,,,,
SUNLIGHT TABLET 50G,2742,code128,,,,,,0,0,10,VAT @16%,Inclusive,no_image.png,,,,,,,,,
SUNLIGHT TABLET 80G,2745,code128,,,,,,0,0,10,VAT @16%,Inclusive,no_image.png,,,,,,,,,
SUNLIGHT TABLET  175G,2747,code128,,,,,,0,0,10,VAT @16%,Inclusive,no_image.png,,,,,,,,,
SAWA SOAP  250G PC,2749,code128,,,,,,0,0,10,VAT @16%,Inclusive,no_image.png,,,,,,,,,
SAWA SOAP  125G,2751,code128,,,,,,0,0,10,VAT @16%,Inclusive,no_image.png,,,,,,,,,
FLAMINGO SOAP  90G,2753,code128,,,,,,0,0,10,VAT @16%,Inclusive,no_image.png,,,,,,,,,
FLAMINGO SOAP  215G,2755,code128,,,,,,0,0,10,VAT @16%,Inclusive,no_image.png,,,,,,,,,
POPCO SOAP  600G,2757,code128,,,,,,0,0,10,VAT @16%,Inclusive,no_image.png,,,,,,,,,
ARIEL 45G*12,2759,code128,,,,,,0,0,10,VAT @16%,Inclusive,no_image.png,,,,,,,,,
ARIEL 100G*12,2762,code128,,,,,,0,0,10,VAT @16%,Inclusive,no_image.png,,,,,,,,,
ARIEL  200G*12,2765,code128,,,,,,0,0,10,VAT @16%,Inclusive,no_image.png,,,,,,,,,
ARIEL 500G,2768,code128,,,,,,0,0,10,VAT @16%,Inclusive,no_image.png,,,,,,,,,
ARIEL 1KG,2770,code128,,,,,,0,0,10,VAT @16%,Inclusive,no_image.png,,,,,,,,,
OMO 22G,2773,code128,,,,,,0,0,10,VAT @16%,Inclusive,no_image.png,,,,,,,,,
OMO  45G,2775,code128,,,,,,0,0,10,VAT @16%,Inclusive,no_image.png,,,,,,,,,
OMO  100G,2779,code128,,,,,,0,0,10,VAT @16%,Inclusive,no_image.png,,,,,,,,,
OMO  200G,2781,code128,,,,,,0,0,10,VAT @16%,Inclusive,no_image.png,,,,,,,,,
OMO 500G,2784,code128,,,,,,0,0,10,VAT @16%,Inclusive,no_image.png,,,,,,,,,
OMO 1KG,2786,code128,,,,,,0,0,10,VAT @16%,Inclusive,no_image.png,,,,,,,,,
USHINDI 175G,2789,code128,,,,,,0,0,10,VAT @16%,Inclusive,no_image.png,,,,,,,,,
USHINDI SACHET 25G,2791,code128,,,,,,0,0,10,VAT @16%,Inclusive,no_image.png,,,,,,,,,
USHINDI POWDER 200G,2793,code128,,,,,,0,0,10,VAT @16%,Inclusive,no_image.png,,,,,,,,,
TOPEX BLEACH  70ML,2796,code128,,,,,,0,0,10,VAT @16%,Inclusive,no_image.png,,,,,,,,,
TOPEX  250ML,2798,code128,,,,,,800,900,10,VAT @16%,Inclusive,no_image.png,,,,,,,,,
BLUE BAND 30G,2801,code128,,119,,,,0,0,10,VAT @16%,Inclusive,no_image.png,,,,,,,,,
BLUE BAND 100G,2805,code128,,119,,,,0,0,10,VAT @16%,Inclusive,no_image.png,,,,,,,,,
BLUE BAND 300G,2808,code128,,119,,,,0,0,10,VAT @16%,Inclusive,no_image.png,,,,,,,,,
BLUE BAND 500G,2810,code128,,119,,,,0,0,10,VAT @16%,Inclusive,no_image.png,,,,,,,,,
BLUE BAND CREAM 500G PC,2811,code128,,119,,,,105,140,10,VAT @16%,Inclusive,no_image.png,,,,,,,,,
BLUE BAND  1KG*,2813,code128,,119,,,,0,0,10,VAT @16%,Inclusive,no_image.png,,,,,,,,,
ZESTA JAM 500G,2815,code128,,119,,,,0,0,10,VAT @16%,Inclusive,no_image.png,,,,,,,,,
ZESTZ JAM 300G,2817,code128,,119,,,,0,0,10,VAT @16%,Inclusive,no_image.png,,,,,,,,,
ZESTA JAM  100G,2819,code128,,119,,,,0,0,10,VAT @16%,Inclusive,no_image.png,,,,,,,,,
ZESTA JAM 200G,2821,code128,,119,,,,0,0,10,VAT @16%,Inclusive,no_image.png,,,,,,,,,
CHAPA MANDAZI,2902,code128,,,,,,0,0,10,VAT @16%,Inclusive,no_image.png,,,,,,,,,
BAKING POWDER,2905,code128,,,,,,0,0,10,VAT @16%,Inclusive,no_image.png,,,,,,,,,
MOSQUITO COIL,2907,code128,,,,,,0,0,10,VAT @16%,Inclusive,no_image.png,,,,,,,,,
STRAW,2909,code128,,,,,,0,0,10,VAT @16%,Inclusive,no_image.png,,,,,,,,,
GOLDEN LION,2911,code128,,,,,,0,0,10,VAT @16%,Inclusive,no_image.png,,,,,,,,,
STOVE WICK SMALL,2913,code128,,,,,,0,0,10,VAT @16%,Inclusive,no_image.png,,,,,,,,,
EXERCISE BOOKS 32 pages,2915,code128,,,,,,0,0,10,VAT @16%,Inclusive,no_image.png,,,,,,,,,
GILLETTE,2918,code128,,,,,,0,0,10,VAT @16%,Inclusive,no_image.png,,,,,,,,,
NACET,2921,code128,,,,,,0,0,10,VAT @16%,Inclusive,no_image.png,,,,,,,,,
TREET 11 R/Y,2923,code128,,,,,,0,0,10,VAT @16%,Inclusive,no_image.png,,,,,,,,,
SKINMATE CARD,2925,code128,,,,,,0,0,10,VAT @16%,Inclusive,no_image.png,,,,,,,,,
STOVE WICK BIG,2927,code128,,,,,,0,0,10,VAT @16%,Inclusive,no_image.png,,,,,,,,,
EVEREADY AA RED,2928,code128,,,,,,0,0,10,VAT @16%,Inclusive,no_image.png,,,,,,,,,
EVEREADY AAA RED,2930,code128,,,,,,0,0,10,VAT @16%,Inclusive,no_image.png,,,,,,,,,
EMPTY JERICAN 20 LTRS,2932,code128,,,,,,1900,5,10,VAT @16%,Inclusive,no_image.png,,,,,,,,,
HANDKERCHIEF,2934,code128,,,,,,0,0,10,VAT @16%,Inclusive,no_image.png,,,,,,,,,
SUPER GLUE 10G,2937,code128,,,,,,0,0,10,VAT @16%,Inclusive,no_image.png,,,,,,,,,
SUPER GLUE 2G,2940,code128,,,,,,0,0,10,VAT @16%,Inclusive,no_image.png,,,,,,,,,
SUMO CANDLE,2942,code128,,,,,,0,0,10,VAT @16%,Inclusive,no_image.png,,,,,,,,,
HOMELIGHT CANDLES,2944,code128,,,,,,0,0,10,VAT @16%,Inclusive,no_image.png,,,,,,,,,
UFUTA 3LTR,3001,code128,,121,,,,0,0,10,VAT @16%,Inclusive,no_image.png,,,,,,,,,
UFUTA 2LTR,3003,code128,,121,,,,0,0,10,VAT @16%,Inclusive,no_image.png,,,,,,,,,
UFUTA 1LTR,3004,code128,,121,,,,0,0,10,VAT @16%,Inclusive,no_image.png,,,,,,,,,
TILLY WHITE 10KG FAT CAN,3006,code128,,121,,,,0,0,10,VAT @16%,Inclusive,no_image.png,,,,,,,,,
SEAGUL,3010,code128,,121,,,,0,0,10,VAT @16%,Inclusive,no_image.png,,,,,,,,,
SALIT 20LTRS JERICAN,3012,code128,,,,,,2270,2350,10,VAT @16%,Inclusive,no_image.png,,,,,,,,,
RINA OIL 10 LTR JERICAN,3015,code128,,,,,,0,0,10,VAT @16%,Inclusive,no_image.png,,,,,,,,,
RINA OIL 5LTR JAR,3018,code128,,,,,,0,0,10,VAT @16%,Inclusive,no_image.png,,,,,,,,,
RINA OIL 3LTR JAR,3020,code128,,,,,,0,0,10,VAT @16%,Inclusive,no_image.png,,,,,,,,,
RINA OIL 2LTR JAR,3022,code128,,,,,,0,0,10,VAT @16%,Inclusive,no_image.png,,,,,,,,,
RINA OIL 1LTR JAR,3025,code128,,,,,,0,0,10,VAT @16%,Inclusive,no_image.png,,,,,,,,,
RINA OIL 500ML JAR,3028,code128,,,,,,0,0,10,VAT @16%,Inclusive,no_image.png,,,,,,,,,
RINA OIL 300ML  JAR,3031,code128,,,,,,0,0,10,VAT @16%,Inclusive,no_image.png,,,,,,,,,
PIKA 20LTR  GM,3033,code128,,,,,,0,0,10,VAT @16%,Inclusive,no_image.png,,,,,,,,,
KASUKU 500G,3035,code128,,,,,,0,0,10,VAT @16%,Inclusive,no_image.png,,,,,,,,,
KASUKU 250G,3037,code128,,,,,,0,0,10,VAT @16%,Inclusive,no_image.png,,,,,,,,,
KASUKU  100G,3040,code128,,,,,,0,0,10,VAT @16%,Inclusive,no_image.png,,,,,,,,,
KASUKU 50G,3043,code128,,,,,,0,0,10,VAT @16%,Inclusive,no_image.png,,,,,,,,,
HALISI OIL 20 LTR JERICAN,3046,code128,,,,,,2330,2400,10,VAT @16%,Inclusive,no_image.png,,,,,,,,,
HALISI OIL 10 LTR JERICAN,3047,code128,,,,,,1165,1300,10,VAT @16%,Inclusive,no_image.png,,,,,,,,,
FRY MATE 5KG,3048,code128,,,,,,0,0,10,VAT @16%,Inclusive,no_image.png,,,,,,,,,
FRY MATE 10KG,3051,code128,,,,,,900,970,10,VAT @16%,Inclusive,no_image.png,,,,,,,,,
FRESH FRI 5LTR,3052,code128,,,,,,2530,2770,10,VAT @16%,Inclusive,no_image.png,,,,,,,,,
FRESH FRI 5LTR JAR,3053,code128,,,,,,0,0,10,VAT @16%,Inclusive,no_image.png,,,,,,,,,
FRESH FRI 3LTR,3054,code128,,,,,,0,0,10,VAT @16%,Inclusive,no_image.png,,,,,,,,,
FRESH FRI 3LTR JAR,3055,code128,,,,,,0,0,10,VAT @16%,Inclusive,no_image.png,,,,,,,,,
FRESH FRI 2LTR,3056,code128,,,,,,0,0,10,VAT @16%,Inclusive,no_image.png,,,,,,,,,
FRESH FRI 2LTR JAR,3057,code128,,,,,,0,0,10,VAT @16%,Inclusive,no_image.png,,,,,,,,,
FRESH FRI 1LTR,3058,code128,,,,,,0,0,10,VAT @16%,Inclusive,no_image.png,,,,,,,,,
FRESH FRI 500ML,3060,code128,,,,,,0,0,10,VAT @16%,Inclusive,no_image.png,,,,,,,,,
FRESH FRI 250ML,3062,code128,,,,,,0,0,10,VAT @16%,Inclusive,no_image.png,,,,,,,,,
ELIANTO 3LTR,3064,code128,,,,,,4305,4488,10,VAT @16%,Inclusive,no_image.png,,,,,,,,,
PHILIPS BULB 100W,3100,code128,,,,,,0,0,10,VAT @16%,Inclusive,no_image.png,,,,,,,,,
PHILIPS BULB  60W,3101,code128,,,,,,0,0,10,VAT @16%,Inclusive,no_image.png,,,,,,,,,
DRAGON MHS 10,3106,code128,,,,,,0,0,10,VAT @16%,Inclusive,no_image.png,,,,,,,,,
DRAGON 2U,3108,code128,,,,,,0,0,10,VAT @16%,Inclusive,no_image.png,,,,,,,,,
DRAGON 3U,3111,code128,,,,,,0,0,10,VAT @16%,Inclusive,no_image.png,,,,,,,,,
KEN SALT 200G,3200,code128,,,,,,0,0,10,VAT @16%,Inclusive,no_image.png,,,,,,,,,
KEN SALT 500G,3202,code128,,,,,,0,0,10,VAT @16%,Inclusive,no_image.png,,,,,,,,,
KEN SALT 1KG,3204,code128,,,,,,0,0,10,VAT @16%,Inclusive,no_image.png,,,,,,,,,
KEN SALT 2KG,3206,code128,,,,,,0,0,10,VAT @16%,Inclusive,no_image.png,,,,,,,,,
GLUCOSE,3300,code128,,,,,,0,0,10,VAT @16%,Inclusive,no_image.png,,,,,,,,,
ENERGADE GLUCOSE 50G,3302,code128,,,,,,0,0,10,VAT @16%,Inclusive,no_image.png,,,,,,,,,
LUCOZADE  250ML,3304,code128,,,,,,0,0,10,VAT @16%,Inclusive,no_image.png,,,,,,,,,
LUCOZADE BOTTLED  600ML,3306,code128,,,,,,0,0,10,VAT @16%,Inclusive,no_image.png,,,,,,,,,
LUCOZADE BOTTLED 300ML,3308,code128,,,,,,0,0,10,VAT @16%,Inclusive,no_image.png,,,,,,,,,
RHINO KUBWA,3400,code128,,,,,,0,0,10,VAT @16%,Inclusive,no_image.png,,,,,,,,,
RHINO NDOGO,3403,code128,,,,,,0,0,10,VAT @16%,Inclusive,no_image.png,,,,,,,,,
AIR SCENT 200ML,3500,code128,,,,,,144,160,10,VAT @16%,Inclusive,no_image.png,,,,,,,,,
BELLA JUMBO TISSUE,3501,code128,,,,,,0,0,10,VAT @16%,Inclusive,no_image.png,,,,,,,,,
BELLA TISSUE,3505,code128,,,,,,0,0,10,VAT @16%,Inclusive,no_image.png,,,,,,,,,
DAWN JUMBO,3507,code128,,,,,,0,0,10,VAT @16%,Inclusive,no_image.png,,,,,,,,,
HANAN TISSUE,3510,code128,,,,,,0,0,10,VAT @16%,Inclusive,no_image.png,,,,,,,,,
LUCAO,3513,code128,,,,,,0,0,10,VAT @16%,Inclusive,no_image.png,,,,,,,,,
NICE EFFECT TISSUE,3519,code128,,,,,,0,0,10,VAT @16%,Inclusive,no_image.png,,,,,,,,,
PEKEE,3522,code128,,,,,,0,0,10,VAT @16%,Inclusive,no_image.png,,,,,,,,,
TOILEX,3525,code128,,,,,,0,0,10,VAT @16%,Inclusive,no_image.png,,,,,,,,,
TULIP,3528,code128,,,,,,0,0,10,VAT @16%,Inclusive,no_image.png,,,,,,,,,
ARIMIS 50G,3601,code128,,,,,,0,0,10,VAT @16%,Inclusive,no_image.png,,,,,,,,,
BABY CARE  55G,3605,code128,,,,,,0,0,10,VAT @16%,Inclusive,no_image.png,,,,,,,,,
BABY CARE 100G,3607,code128,,,,,,0,0,10,VAT @16%,Inclusive,no_image.png,,,,,,,,,
FAIR AND LOVELY CREAM 9G,3609,code128,,,,,,0,0,10,VAT @16%,Inclusive,no_image.png,,,,,,,,,
GLYCERINE  30ML,3611,code128,,,,,,0,0,10,VAT @16%,Inclusive,no_image.png,,,,,,,,,
GLYCERINE  50ML,3613,code128,,,,,,0,0,10,VAT @16%,Inclusive,no_image.png,,,,,,,,,
JOHNSON B/JELLY PURE 100ML,3614,code128,,,,,,116,125,10,VAT @16%,Inclusive,no_image.png,,,,,,,,,
JOHNSON B/JELLY SCENTED 100ML,3615,code128,,,,,,116,125,10,VAT @16%,Inclusive,no_image.png,,,,,,,,,
JOHNSON B/OIL 50ML,3616,code128,,,,,,166,180,10,VAT @16%,Inclusive,no_image.png,,,,,,,,,
JOHNSON B/POWDER 50G,3617,code128,,,,,,131,145,10,VAT @16%,Inclusive,no_image.png,,,,,,,,,
JOHNSON B/SOAP LOTION 100G,3618,code128,,,,,,63,70,10,VAT @16%,Inclusive,no_image.png,,,,,,,,,
JOHNSON B/SOAP REGULAR 100G,3619,code128,,,,,,63,70,10,VAT @16%,Inclusive,no_image.png,,,,,,,,,
VALON BLUE 25G,3621,code128,,,,,,0,0,10,VAT @16%,Inclusive,no_image.png,,,,,,,,,
VALON BLUE  50G,3623,code128,,,,,,0,0,10,VAT @16%,Inclusive,no_image.png,,,,,,,,,
VALON BLUE  100G,3625,code128,,,,,,0,0,10,VAT @16%,Inclusive,no_image.png,,,,,,,,,
VALON BLUE 200G,3627,code128,,,,,,0,0,10,VAT @16%,Inclusive,no_image.png,,,,,,,,,
VALON GREEN 25G,3629,code128,,,,,,0,0,10,VAT @16%,Inclusive,no_image.png,,,,,,,,,
VALON GREEN 50G,3631,code128,,,,,,0,0,10,VAT @16%,Inclusive,no_image.png,,,,,,,,,
VASELINE 25ML,3633,code128,,,,,,0,0,10,VAT @16%,Inclusive,no_image.png,,,,,,,,,
VASELINE 50ML,3635,code128,,,,,,0,0,10,VAT @16%,Inclusive,no_image.png,,,,,,,,,
VASELINE 100ML,3636,code128,,,,,,80,95,10,VAT @16%,Inclusive,no_image.png,,,,,,,,,
VASELINE 250ML PC,3637,code128,,,,,,168,180,10,VAT @16%,Inclusive,no_image.png,,,,,,,,,
VENUS BODY LOTION 100ML,3639,code128,,,,,,0,0,10,VAT @16%,Inclusive,no_image.png,,,,,,,,,
SAFARICOM 100SH,3701,code128,,,,,,94,100,10,VAT @16%,Inclusive,no_image.png,,,,,,,,,
SAFARICOM 50SH,3703,code128,,,,,,47,50,10,VAT @16%,Inclusive,no_image.png,,,,,,,,,
SAFARICOM 20SH,3704,code128,,,,,,19,20,10,VAT @16%,Inclusive,no_image.png,,,,,,,,,
AIRTEL 100SH CARD,3706,code128,,,,,,94,100,10,VAT @16%,Inclusive,no_image.png,,,,,,,,,
AIRTEL 50SH,3709,code128,,,,,,47,50,10,VAT @16%,Inclusive,no_image.png,,,,,,,,,
AIRTEL 20SH,3711,code128,,,,,,19,20,10,VAT @16%,Inclusive,no_image.png,,,,,,,,,
AIRTEL10SH,3713,code128,,,,,,9,10,10,VAT @16%,Inclusive,no_image.png,,,,,,,,,
KIWI 15ML,3801,code128,,,,,,0,0,10,VAT @16%,Inclusive,no_image.png,,,,,,,,,
KIWI 25ML,3803,code128,,,,,,0,0,10,VAT @16%,Inclusive,no_image.png,,,,,,,,,
KIWI 40ML,3805,code128,,,,,,0,0,10,VAT @16%,Inclusive,no_image.png,,,,,,,,,
KIWI DACTAN 15ML,3807,code128,,,,,,0,0,10,VAT @16%,Inclusive,no_image.png,,,,,,,,,
KIWI  100ML,3809,code128,,,,,,0,0,10,VAT @16%,Inclusive,no_image.png,,,,,,,,,
ALWAYS,3901,code128,,,,,,0,0,10,VAT @16%,Inclusive,no_image.png,,,,,,,,,
ALWAYS MAXI,3903,code128,,,,,,0,0,10,VAT @16%,Inclusive,no_image.png,,,,,,,,,
ALWAYS TWIN PACK,3905,code128,,,,,,0,0,10,VAT @16%,Inclusive,no_image.png,,,,,,,,,
BABY JOY DIAPERS,3907,code128,,,,,,0,0,10,VAT @16%,Inclusive,no_image.png,,,,,,,,,
BOUNCY DIAPERS,3912,code128,,,,,,0,0,10,VAT @16%,Inclusive,no_image.png,,,,,,,,,
HAPPY KID H/C,3915,code128,,,,,,0,0,10,VAT @16%,Inclusive,no_image.png,,,,,,,,,
HAPPY KID L/C,3917,code128,,,,,,0,0,10,VAT @16%,Inclusive,no_image.png,,,,,,,,,
PAMPERS H/C,3919,code128,,,,,,0,0,10,VAT @16%,Inclusive,no_image.png,,,,,,,,,
PAMPERS H/C MAXI,3921,code128,,,,,,0,0,10,VAT @16%,Inclusive,no_image.png,,,,,,,,,
PAMPERS JUNIOR,3924,code128,,,,,,0,0,10,VAT @16%,Inclusive,no_image.png,,,,,,,,,
PAMPERS MAXI,3926,code128,,,,,,0,0,10,VAT @16%,Inclusive,no_image.png,,,,,,,,,
PAMPERS MIDI,3928,code128,,,,,,0,0,10,VAT @16%,Inclusive,no_image.png,,,,,,,,,
PAMPERS MINI,3930,code128,,,,,,0,0,10,VAT @16%,Inclusive,no_image.png,,,,,,,,,
PHONIX DIAPERS H/C,3932,code128,,,,,,0,0,10,VAT @16%,Inclusive,no_image.png,,,,,,,,,
SNAGGY MAX,3934,code128,,,,,,0,0,10,VAT @16%,Inclusive,no_image.png,,,,,,,,,
SNAGGY MID,3936,code128,,,,,,0,0,10,VAT @16%,Inclusive,no_image.png,,,,,,,,,
SNAGGY MINI,3938,code128,,,,,,0,0,10,VAT @16%,Inclusive,no_image.png,,,,,,,,,
SOFY PADS,3940,code128,,,,,,0,0,10,VAT @16%,Inclusive,no_image.png,,,,,,,,,
STAY FREE,3942,code128,,,,,,0,0,10,VAT @16%,Inclusive,no_image.png,,,,,,,,,
SUNNY GIRL,3945,code128,,,,,,0,0,10,VAT @16%,Inclusive,no_image.png,,,,,,,,,
TED/JERRY MAXI,3947,code128,,,,,,0,0,10,VAT @16%,Inclusive,no_image.png,,,,,,,,,
TED/JERRY MIDI,3949,code128,,,,,,0,0,10,VAT @16%,Inclusive,no_image.png,,,,,,,,,
TED/JERRY MINI,3951,code128,,,,,,0,0,10,VAT @16%,Inclusive,no_image.png,,,,,,,,,
ZANEAL ASSORTED,3953,code128,,,,,,0,0,10,VAT @16%,Inclusive,no_image.png,,,,,,,,,
ZANEAL H/C,3955,code128,,,,,,0,0,10,VAT @16%,Inclusive,no_image.png,,,,,,,,,
ZANEAL L/C,3958,code128,,,,,,0,0,10,VAT @16%,Inclusive,no_image.png,,,,,,,,,
ROSSY SERVIETS,4001,code128,,,,,,0,0,10,VAT @16%,Inclusive,no_image.png,,,,,,,,,
HANAN COTTON BUDS,4003,code128,,,,,,0,0,10,VAT @16%,Inclusive,no_image.png,,,,,,,,,
HANAN SERVIETS,4005,code128,,,,,,0,0,10,VAT @16%,Inclusive,no_image.png,,,,,,,,,
HANAN POCKET WIPES,4008,code128,,,,,,0,0,10,VAT @16%,Inclusive,no_image.png,,,,,,,,,
DETTOL SOAP 60G,4101,code128,,,,,,0,0,10,VAT @16%,Inclusive,no_image.png,,,,,,,,,
DETTOL SOAP  90G,4103,code128,,,,,,0,0,10,VAT @16%,Inclusive,no_image.png,,,,,,,,,
DETTOL LIQ  50M,4105,code128,,,,,,0,0,10,VAT @16%,Inclusive,no_image.png,,,,,,,,,
DETTOL LIQ  125ML,4106,code128,,,,,,209,215,10,VAT @16%,Inclusive,no_image.png,,,,,,,,,
SALVLON 75ML,4107,code128,,,,,,84,95,10,VAT @16%,Inclusive,no_image.png,,,,,,,,,